1,Where is the setting to enable Sterling B2B Integrator  to generate an outbound TA1 (Interchange Acknowledgment)?,http://www.ibm.com/support/docview.wss?uid=swg21549919 ,Y,Admin_001
2,Explain to me the setting to generate an outbound TA1.,http://www.ibm.com/support/docview.wss?uid=swg21549919 ,N,Admin_001
3,How do you enable B2B Integrator to generate outbound TA1,http://www.ibm.com/support/docview.wss?uid=swg21549919 ,N,Admin_001
4,How to generate outbound TA1 in Sterling B2B Integrator?,http://www.ibm.com/support/docview.wss?uid=swg21549919 ,N,Admin_001
5,I need help to enable B2B Integrator to generate an outbound TA1.,http://www.ibm.com/support/docview.wss?uid=swg21549919 ,N,Admin_001
6,I want to enable outbound TA1.,http://www.ibm.com/support/docview.wss?uid=swg21549919 ,N,Admin_001
7,I want to know the setting to generate outbound TA1 in B2B Integrator.,http://www.ibm.com/support/docview.wss?uid=swg21549919 ,N,Admin_001
8,Need help with outbound TA1.,http://www.ibm.com/support/docview.wss?uid=swg21549919 ,N,Admin_001
9,What is the setting to generate an outbound TA1?,http://www.ibm.com/support/docview.wss?uid=swg21549919 ,N,Admin_001
10,Which setting to generate outbound TA1 in B2B Integrator?,http://www.ibm.com/support/docview.wss?uid=swg21549919 ,N,Admin_001
11,How to bypass entering the passphrase when starting Gentran Integration Suite.,http://www.ibm.com/support/docview.wss?uid=swg21537075 ,Y,Admin_002
12,Can you disable the passphrase when starting Gentran Integration Suite?,http://www.ibm.com/support/docview.wss?uid=swg21537075 ,N,Admin_002
13,Can you skip the passphrase when starting Gentran Integration Suite?,http://www.ibm.com/support/docview.wss?uid=swg21537075 ,N,Admin_002
14,Explain to me how to skip passphrase when starting Gentran Integration Suite.,http://www.ibm.com/support/docview.wss?uid=swg21537075 ,N,Admin_002
15,How can you avoid the passphrase when starting Gentran Integration Suite?,http://www.ibm.com/support/docview.wss?uid=swg21537075 ,N,Admin_002
16,I don't want to enter the passphrase when starting Gentran Integration Suite.,http://www.ibm.com/support/docview.wss?uid=swg21537075 ,N,Admin_002
17,I need help with disabling passphrase when starting Gentran Integration Suite.,http://www.ibm.com/support/docview.wss?uid=swg21537075 ,N,Admin_002
18,I want to skip the passphrase when starting Gentran Integration Suite.,http://www.ibm.com/support/docview.wss?uid=swg21537075 ,N,Admin_002
19,Is there a way to bypass entering the passphrase when starting Gentran Integration Suite?,http://www.ibm.com/support/docview.wss?uid=swg21537075 ,N,Admin_002
20,What are the steps to bypass passphrase when starting Gentran Integration Suite?,http://www.ibm.com/support/docview.wss?uid=swg21537075 ,N,Admin_002
